{"left_limit": -1.0, "right_limit": 0.999969482421875, "brake_limit": 0.999969482421875, "gas_limit": -1.0}